stock	323	медовое	legacy/tag/медовое-134	150	150
stock	320	жасминовое	legacy/tag/жасминовое-131	111	111
stock	304	гигиеническая	legacy/tag/гигиеническая-115	107	107
stock	475	с покрытием гель-лаком	legacy/tag/с-покрытием-гель-лаком-287	99	99
stock	674	био-гелем	legacy/tag/био-гелем-489	81	81
stock	305	комбинированная	legacy/tag/комбинированная-116	79	79
stock	337	ионофорез	legacy/tag/ионофорез-148	77	77
stock	318	горячее	legacy/tag/горячее-129	63	63
stock	282	спиральные мезонити	legacy/tag/спиральные-мезонити-93	56	56
stock	313	бандажное	legacy/tag/бандажное-124	55	55
stock	306	механическая	legacy/tag/механическая-117	53	53
stock	314	виноградное	legacy/tag/виноградное-125	52	52
stock	328	электрокоагуляция	legacy/tag/электрокоагуляция-139	52	52
stock	308	элементная	legacy/tag/элементная-119	50	50
stock	307	ультрозвуковая	legacy/tag/ультрозвуковая-118	47	47
stock	322	масляное	legacy/tag/масляное-133	35	35
stock	367	1D (классика)	legacy/tag/1d-классика-178	28	28
stock	234	Aptos	legacy/tag/aptos-45	17	17
stock	381	наращенных ресниц 1d	legacy/tag/наращенных-ресниц-1d-192	16	16
stock	343	кюретаж 	legacy/tag/кюретаж-154	15	15
stock	249	карбоновый	legacy/tag/карбоновый-60	10	10
stock	278	монополярный	legacy/tag/монополярный-89	8	8
stock	219	плазмолифтинг	legacy/tag/плазмолифтинг-30	4	4
stock	208	ботокс	legacy/tag/ботокс-19	1	1
stock	419	с рваными прядями	legacy/tag/с-рваными-прядями-230	1	1
stock	596	все тело	legacy/tag/все-тело-408	1	1
stock	666	воротниковая зона	legacy/tag/воротниковая-зона-478	1	1
stock	669	всего тела	legacy/tag/всего-тела-483	1	1
