prices	133268	15
prices	133269	15
prices	133270	15
prices	133271	15
prices	133272	15
prices	133273	15
prices	133274	15
prices	133275	15
prices	133276	15
prices	133277	15
prices	133278	15
prices	133279	15
prices	133281	15
prices	133282	15
prices	133283	15
prices	133284	15
prices	133286	15
prices	133287	15
prices	133288	15
prices	133289	15
prices	133290	15
prices	133291	15
prices	133292	15
prices	133293	15
prices	133294	15
prices	133295	15
prices	133296	15
prices	133297	15
prices	133298	15
prices	133299	15
prices	133300	15
prices	133301	15
prices	133302	15
prices	133303	15
prices	133304	15
prices	133305	15
prices	133306	15
prices	133307	15
prices	133308	15
prices	133309	15
prices	133310	15
prices	133311	15
prices	133312	15
prices	133313	15
prices	133314	15
prices	133315	15
prices	133316	15
prices	133317	15
prices	133318	15
prices	133319	15
prices	133320	15
prices	133321	15
prices	133323	15
prices	133324	15
prices	133325	15
prices	133326	15
prices	133327	15
prices	133329	15
prices	133330	15
prices	133331	15
prices	133332	15
prices	133333	15
prices	133334	15
prices	133335	15
prices	133336	15
prices	133337	15
prices	133338	15
prices	133339	15
prices	133340	15
prices	133341	15
prices	133342	15
prices	133343	15
prices	133344	15
prices	133345	15
prices	133346	15
prices	133347	15
prices	133348	15
prices	133349	15
prices	133350	15
prices	133351	15
prices	133352	15
prices	133353	15
prices	133354	15
prices	133355	15
prices	133356	15
prices	133357	15
prices	133358	15
prices	133359	15
prices	133361	15
prices	133362	15
prices	133363	15
prices	133365	15
prices	133366	15
prices	133367	15
prices	133368	15
prices	133369	15
prices	133370	15
prices	133371	15
prices	133372	15
prices	133373	15
