stock	134	биозавивка	134	медовое	150	150
stock	131	вельвет	131	жасминовое	111	111
stock	115	ламинирование	115	гигиеническая	107	107
stock	287	Макиаж	287	с покрытием гель-лаком	99	99
stock	177	покрыте	489	био-гелем	81	81
stock	116	восстановление	116	комбинированная	79	79
stock	148	прически	148	ионофорез	77	77
stock	129	ламинирование	129	горячее	63	63
stock	93	Озонотерапия	93	спиральные мезонити	56	56
stock	124	выпрямление	124	бандажное	55	55
stock	117	укладка	117	механическая	53	53
stock	125	мезотерапия	125	виноградное	52	52
stock	139	полировка	139	электрокоагуляция	52	52
stock	119	микроблейдинг	119	элементная	50	50
stock	118	придание формы	118	ультрозвуковая	47	47
stock	133	снятие	133	масляное	35	35
stock	178	наращивание	178	1D (классика)	27	27
stock	192	наращивание	192	наращенных ресниц 1d	16	16
stock	154	беременных	154	кюретаж 	15	15
stock	89	Биолифтинг (миостимуляция)	89	монополярный	8	8
stock	146	кератирование	45	Aptos	5	5
stock	276	ногти	45	Aptos	4	4
stock	105	Обёртывание	60	карбоновый	3	3
stock	138	осветление	45	Aptos	3	3
stock	84	Маска для лица	60	карбоновый	2	2
stock	105	Обёртывание	45	Aptos	2	2
stock	252	Ваксинг (воск) горячий	30	плазмолифтинг	2	2
stock	275	комплексы	30	плазмолифтинг	2	2
stock	NULL	NULL	19	ботокс	1	1
stock	NULL	NULL	408	все тело	1	1
stock	NULL	NULL	478	воротниковая зона	1	1
stock	NULL	NULL	483	всего тела	1	1
stock	84	Маска для лица	45	Aptos	1	1
stock	107	Удаление бородавок	60	карбоновый	1	1
stock	108	Лечение угревой сыпи	60	карбоновый	1	1
stock	127	наращивание	178	1D (классика)	1	1
stock	135	окрашивание	45	Aptos	1	1
stock	181	дизайн	60	карбоновый	1	1
stock	197	коррекция	45	Aptos	1	1
stock	230	массаж	230	с рваными прядями	1	1
stock	269	Татуаж губ	60	карбоновый	1	1
stock	287	Макиаж	60	карбоновый	1	1
